player_name,position,Age,market_value_eur,club,season
Emiliano Martínez,Goalkeeper,29.0,28000000.0,Aston Villa,2122
Robin Olsen,Goalkeeper,32.0,2000000.0,Aston Villa,2122
Jed Steer,Goalkeeper,29.0,600000.0,Aston Villa,2122
Viljami Sinisalo,Goalkeeper,20.0,200000.0,Aston Villa,2122
Filip Marschall,Goalkeeper,19.0,,Aston Villa,2122
Tyrone Mings,Centre-Back,29.0,30000000.0,Aston Villa,2122
Ezri Konsa,Centre-Back,24.0,22000000.0,Aston Villa,2122
Calum Chambers,Centre-Back,27.0,10000000.0,Aston Villa,2122
Axel Tuanzebe,Centre-Back,24.0,7000000.0,Aston Villa,2122
Kortney Hause,Centre-Back,26.0,4000000.0,Aston Villa,2122
Sil Swinkels,Centre-Back,18.0,150000.0,Aston Villa,2122
Josh Feeney,Centre-Back,17.0,,Aston Villa,2122
Lucas Digne,Left-Back,28.0,25000000.0,Aston Villa,2122
Matt Targett,Left-Back,26.0,17000000.0,Aston Villa,2122
Ben Chrisene,Left-Back,18.0,150000.0,Aston Villa,2122
Matty Cash,Right-Back,24.0,25000000.0,Aston Villa,2122
Frédéric Guilbert,Right-Back,27.0,7000000.0,Aston Villa,2122
Ashley Young,Right-Back,36.0,1000000.0,Aston Villa,2122
Kaine Kesler-Hayden,Right-Back,19.0,300000.0,Aston Villa,2122
Marvelous Nakamba,Defensive Midfield,28.0,7000000.0,Aston Villa,2122
Lamare Bogarde,Defensive Midfield,18.0,200000.0,Aston Villa,2122
Hayden Lindley,Defensive Midfield,19.0,150000.0,Aston Villa,2122
Douglas Luiz,Central Midfield,24.0,38000000.0,Aston Villa,2122
John McGinn,Central Midfield,27.0,32000000.0,Aston Villa,2122
Jacob Ramsey,Central Midfield,21.0,25000000.0,Aston Villa,2122
Morgan Sanson,Central Midfield,27.0,10000000.0,Aston Villa,2122
Carney Chukwuemeka,Central Midfield,18.0,6000000.0,Aston Villa,2122
Tim Iroegbunam,Central Midfield,19.0,2500000.0,Aston Villa,2122
Conor Hourihane,Central Midfield,31.0,1800000.0,Aston Villa,2122
Philippe Coutinho,Attacking Midfield,30.0,20000000.0,Aston Villa,2122
Aaron Ramsey,Attacking Midfield,19.0,1000000.0,Aston Villa,2122
Tommi O'Reilly,Attacking Midfield,18.0,,Aston Villa,2122
Emiliano Buendía,Left Winger,25.0,32000000.0,Aston Villa,2122
Trezeguet,Left Winger,27.0,10000000.0,Aston Villa,2122
Jaden Philogene,Left Winger,20.0,3000000.0,Aston Villa,2122
Caleb Chukwuemeka,Left Winger,20.0,200000.0,Aston Villa,2122
Leon Bailey,Right Winger,24.0,25000000.0,Aston Villa,2122
Bertrand Traoré,Right Winger,26.0,16000000.0,Aston Villa,2122
Anwar El Ghazi,Right Winger,27.0,9000000.0,Aston Villa,2122
Ollie Watkins,Centre-Forward,26.0,35000000.0,Aston Villa,2122
Danny Ings,Centre-Forward,29.0,20000000.0,Aston Villa,2122
Wesley Moraes,Centre-Forward,25.0,6000000.0,Aston Villa,2122
Cameron Archer,Centre-Forward,20.0,6000000.0,Aston Villa,2122
Keinan Davis,Centre-Forward,24.0,2500000.0,Aston Villa,2122
David Raya,Goalkeeper,26.0,22000000.0,Brentford Fc,2122
Álvaro Ferllo,Goalkeeper,24.0,4000000.0,Brentford Fc,2122
Jonas Lössl,Goalkeeper,33.0,1000000.0,Brentford Fc,2122
Patrik Gunnarsson,Goalkeeper,21.0,500000.0,Brentford Fc,2122
Ellery Balcombe,Goalkeeper,22.0,300000.0,Brentford Fc,2122
Matthew Cox,Goalkeeper,19.0,,Brentford Fc,2122
Kristoffer Ajer,Centre-Back,24.0,18000000.0,Brentford Fc,2122
Ethan Pinnock,Centre-Back,29.0,12000000.0,Brentford Fc,2122
Pontus Jansson,Centre-Back,31.0,7000000.0,Brentford Fc,2122
Mads Bech Sørensen,Centre-Back,23.0,5000000.0,Brentford Fc,2122
Zanka,Centre-Back,32.0,1200000.0,Brentford Fc,2122
Charlie Goode,Centre-Back,26.0,900000.0,Brentford Fc,2122
Julian Jeanvier,Centre-Back,30.0,900000.0,Brentford Fc,2122
Rico Henry,Left-Back,24.0,20000000.0,Brentford Fc,2122
Dominic Thompson,Left-Back,21.0,800000.0,Brentford Fc,2122
Mads Roerslev,Right-Back,23.0,2500000.0,Brentford Fc,2122
Fin Stevens,Right-Back,19.0,400000.0,Brentford Fc,2122
Daniel Oyegoke,Right-Back,19.0,,Brentford Fc,2122
Christian Nørgaard,Defensive Midfield,28.0,14000000.0,Brentford Fc,2122
Vitaly Janelt,Defensive Midfield,24.0,14000000.0,Brentford Fc,2122
Mathias Jensen,Central Midfield,26.0,10000000.0,Brentford Fc,2122
Josh Dasilva,Central Midfield,23.0,10000000.0,Brentford Fc,2122
Frank Onyeka,Central Midfield,24.0,9000000.0,Brentford Fc,2122
Shandon Baptiste,Central Midfield,24.0,3000000.0,Brentford Fc,2122
Mads Bidstrup,Central Midfield,21.0,1000000.0,Brentford Fc,2122
Paris Maghoma,Central Midfield,21.0,200000.0,Brentford Fc,2122
Christian Eriksen,Attacking Midfield,30.0,20000000.0,Brentford Fc,2122
Saman Ghoddos,Attacking Midfield,28.0,2500000.0,Brentford Fc,2122
Myles Peart-Harris,Attacking Midfield,19.0,1000000.0,Brentford Fc,2122
Sergi Canós,Left Winger,25.0,14000000.0,Brentford Fc,2122
Tariqe Fosu,Left Winger,26.0,2000000.0,Brentford Fc,2122
Max Haygarth,Left Winger,20.0,100000.0,Brentford Fc,2122
Bryan Mbeumo,Right Winger,22.0,22000000.0,Brentford Fc,2122
Nathan Young-Coombes,Right Winger,19.0,,Brentford Fc,2122
Ivan Toney,Centre-Forward,26.0,35000000.0,Brentford Fc,2122
Yoane Wissa,Centre-Forward,25.0,12000000.0,Brentford Fc,2122
Marcus Forss,Centre-Forward,23.0,4000000.0,Brentford Fc,2122
Halil Dervişoğlu,Centre-Forward,22.0,3000000.0,Brentford Fc,2122
Robert Sánchez,Goalkeeper,24.0,16000000.0,Brighton And Hove Albion,2122
Kjell Scherpen,Goalkeeper,22.0,2200000.0,Brighton And Hove Albion,2122
Christian Walton,Goalkeeper,26.0,800000.0,Brighton And Hove Albion,2122
Jason Steele,Goalkeeper,31.0,600000.0,Brighton And Hove Albion,2122
Tom McGill,Goalkeeper,22.0,,Brighton And Hove Albion,2122
Lewis Dunk,Centre-Back,30.0,20000000.0,Brighton And Hove Albion,2122
Adam Webster,Centre-Back,27.0,17000000.0,Brighton And Hove Albion,2122
Dan Burn,Centre-Back,30.0,12000000.0,Brighton And Hove Albion,2122
Jan Paul van Hecke,Centre-Back,22.0,5000000.0,Brighton And Hove Albion,2122
Shane Duffy,Centre-Back,30.0,5000000.0,Brighton And Hove Albion,2122
Matt Clarke,Centre-Back,25.0,3000000.0,Brighton And Hove Albion,2122
Antef Tsoungui,Centre-Back,19.0,300000.0,Brighton And Hove Albion,2122
Ed Turns,Centre-Back,19.0,200000.0,Brighton And Hove Albion,2122
Odeluga Offiah,Centre-Back,19.0,200000.0,Brighton And Hove Albion,2122
Marc Cucurella,Left-Back,23.0,28000000.0,Brighton And Hove Albion,2122
Michal Karbownik,Left-Back,21.0,2500000.0,Brighton And Hove Albion,2122
Haydon Roberts,Left-Back,20.0,500000.0,Brighton And Hove Albion,2122
James Furlong,Left-Back,20.0,,Brighton And Hove Albion,2122
Tariq Lamptey,Right-Back,21.0,18000000.0,Brighton And Hove Albion,2122
Joël Veltman,Right-Back,30.0,10000000.0,Brighton And Hove Albion,2122
Yves Bissouma,Defensive Midfield,25.0,35000000.0,Brighton And Hove Albion,2122
Moisés Caicedo,Defensive Midfield,20.0,6000000.0,Brighton And Hove Albion,2122
Tudor Băluță,Defensive Midfield,23.0,1800000.0,Brighton And Hove Albion,2122
Enock Mwepu,Central Midfield,24.0,18000000.0,Brighton And Hove Albion,2122
Alexis Mac Allister,Central Midfield,23.0,16000000.0,Brighton And Hove Albion,2122
Jakub Moder,Central Midfield,23.0,12000000.0,Brighton And Hove Albion,2122
Pascal Groß,Central Midfield,31.0,6000000.0,Brighton And Hove Albion,2122
Steven Alzate,Central Midfield,23.0,5000000.0,Brighton And Hove Albion,2122
Taylor Richards,Central Midfield,21.0,400000.0,Brighton And Hove Albion,2122
Marc Leonard,Central Midfield,20.0,300000.0,Brighton And Hove Albion,2122
Adam Lallana,Attacking Midfield,34.0,2000000.0,Brighton And Hove Albion,2122
Andrew Moran,Attacking Midfield,18.0,300000.0,Brighton And Hove Albion,2122
Leandro Trossard,Left Winger,27.0,20000000.0,Brighton And Hove Albion,2122
Abdallah Sima,Left Winger,21.0,8000000.0,Brighton And Hove Albion,2122
Jeremy Sarmiento,Left Winger,20.0,3000000.0,Brighton And Hove Albion,2122
Solly March,Right Winger,27.0,9000000.0,Brighton And Hove Albion,2122
Neal Maupay,Centre-Forward,25.0,18000000.0,Brighton And Hove Albion,2122
Aaron Connolly,Centre-Forward,22.0,6000000.0,Brighton And Hove Albion,2122
Danny Welbeck,Centre-Forward,31.0,4000000.0,Brighton And Hove Albion,2122
Andi Zeqiri,Centre-Forward,23.0,2300000.0,Brighton And Hove Albion,2122
Jürgen Locadia,Centre-Forward,28.0,2000000.0,Brighton And Hove Albion,2122
Florin Andone,Centre-Forward,29.0,1000000.0,Brighton And Hove Albion,2122
Evan Ferguson,Centre-Forward,17.0,600000.0,Brighton And Hove Albion,2122
Nick Pope,Goalkeeper,30.0,15000000.0,Burnley Fc,2122
Bailey Peacock-Farrell,Goalkeeper,25.0,900000.0,Burnley Fc,2122
Wayne Hennessey,Goalkeeper,35.0,500000.0,Burnley Fc,2122
Will Norris,Goalkeeper,28.0,300000.0,Burnley Fc,2122
Lukas Jensen,Goalkeeper,23.0,50000.0,Burnley Fc,2122
Sam Waller,Goalkeeper,18.0,,Burnley Fc,2122
James Tarkowski,Centre-Back,29.0,22000000.0,Burnley Fc,2122
Nathan Collins,Centre-Back,21.0,10000000.0,Burnley Fc,2122
Ben Mee,Centre-Back,32.0,2500000.0,Burnley Fc,2122
Kevin Long,Centre-Back,31.0,1000000.0,Burnley Fc,2122
Bobby Thomas,Centre-Back,21.0,200000.0,Burnley Fc,2122
Charlie Taylor,Left-Back,28.0,3000000.0,Burnley Fc,2122
Erik Pieters,Left-Back,33.0,900000.0,Burnley Fc,2122
Owen Dodgson,Left-Back,19.0,,Burnley Fc,2122
Connor Roberts,Right-Back,26.0,2500000.0,Burnley Fc,2122
Matthew Lowton,Right-Back,33.0,1200000.0,Burnley Fc,2122
Phil Bardsley,Right-Back,37.0,250000.0,Burnley Fc,2122
Ashley Westwood,Defensive Midfield,32.0,2000000.0,Burnley Fc,2122
Jack Cork,Defensive Midfield,33.0,1800000.0,Burnley Fc,2122
Josh Brownhill,Central Midfield,26.0,7000000.0,Burnley Fc,2122
Dale Stephens,Central Midfield,33.0,1000000.0,Burnley Fc,2122
Mark Helm,Central Midfield,20.0,,Burnley Fc,2122
Lewis Richardson,Right Midfield,19.0,,Burnley Fc,2122
Anthony Gomez-Mancini,Attacking Midfield,21.0,250000.0,Burnley Fc,2122
Dwight McNeil,Left Winger,22.0,18000000.0,Burnley Fc,2122
Maxwel Cornet,Left Winger,25.0,15000000.0,Burnley Fc,2122
Dara Costelloe,Left Winger,19.0,,Burnley Fc,2122
Jóhann Berg Gudmundsson,Right Winger,31.0,2000000.0,Burnley Fc,2122
Aaron Lennon,Right Winger,35.0,1000000.0,Burnley Fc,2122
Wout Weghorst,Centre-Forward,29.0,14000000.0,Burnley Fc,2122
Chris Wood,Centre-Forward,30.0,10000000.0,Burnley Fc,2122
Jay Rodríguez,Centre-Forward,32.0,2000000.0,Burnley Fc,2122
Matej Vydra,Centre-Forward,30.0,2000000.0,Burnley Fc,2122
Ashley Barnes,Centre-Forward,32.0,1500000.0,Burnley Fc,2122
Joe McGlynn,Centre-Forward,19.0,,Burnley Fc,2122
Edouard Mendy,Goalkeeper,30.0,32000000.0,Chelsea Fc,2122
Kepa Arrizabalaga,Goalkeeper,27.0,10000000.0,Chelsea Fc,2122
Marcus Bettinelli,Goalkeeper,30.0,2000000.0,Chelsea Fc,2122
Lucas Bergström,Goalkeeper,19.0,,Chelsea Fc,2122
Teddy Sharman-Lowe,Goalkeeper,19.0,,Chelsea Fc,2122
Antonio Rüdiger,Centre-Back,29.0,40000000.0,Chelsea Fc,2122
Andreas Christensen,Centre-Back,26.0,35000000.0,Chelsea Fc,2122
Kurt Zouma,Centre-Back,27.0,28000000.0,Chelsea Fc,2122
Trevoh Chalobah,Centre-Back,22.0,20000000.0,Chelsea Fc,2122
Marcos Alonso,Centre-Back,31.0,12000000.0,Chelsea Fc,2122
César Azpilicueta,Centre-Back,32.0,9000000.0,Chelsea Fc,2122
Malang Sarr,Centre-Back,23.0,8000000.0,Chelsea Fc,2122
Thiago Silva,Centre-Back,37.0,2500000.0,Chelsea Fc,2122
Jake Clarke-Salter,Centre-Back,24.0,2000000.0,Chelsea Fc,2122
Xavier Mbuyamba,Centre-Back,20.0,500000.0,Chelsea Fc,2122
Ben Chilwell,Left-Back,25.0,38000000.0,Chelsea Fc,2122
Emerson,Left-Back,27.0,14000000.0,Chelsea Fc,2122
Abdul Rahman Baba,Left-Back,27.0,2200000.0,Chelsea Fc,2122
Dylan Williams,Left-Back,18.0,200000.0,Chelsea Fc,2122
Lewis Hall,Left-Back,17.0,,Chelsea Fc,2122
Reece James,Right-Back,22.0,60000000.0,Chelsea Fc,2122
Jorginho,Defensive Midfield,30.0,40000000.0,Chelsea Fc,2122
N'Golo Kanté,Defensive Midfield,31.0,40000000.0,Chelsea Fc,2122
Billy Gilmour,Defensive Midfield,21.0,12000000.0,Chelsea Fc,2122
Xavier Simons,Defensive Midfield,19.0,300000.0,Chelsea Fc,2122
Mateo Kovacic,Central Midfield,28.0,42000000.0,Chelsea Fc,2122
Saúl Ñíguez,Central Midfield,27.0,25000000.0,Chelsea Fc,2122
Ruben Loftus-Cheek,Central Midfield,26.0,20000000.0,Chelsea Fc,2122
Ross Barkley,Central Midfield,28.0,12000000.0,Chelsea Fc,2122
Lewis Baker,Central Midfield,27.0,3000000.0,Chelsea Fc,2122
Danny Drinkwater,Central Midfield,32.0,1200000.0,Chelsea Fc,2122
Charlie Webster,Central Midfield,18.0,,Chelsea Fc,2122
Harvey Vale,Right Midfield,18.0,400000.0,Chelsea Fc,2122
Mason Mount,Attacking Midfield,23.0,75000000.0,Chelsea Fc,2122
Callum Hudson-Odoi,Left Winger,21.0,25000000.0,Chelsea Fc,2122
Kenedy,Left Winger,26.0,7000000.0,Chelsea Fc,2122
Charly Musonda Jr.,Left Winger,25.0,900000.0,Chelsea Fc,2122
Christian Pulisic,Right Winger,23.0,42000000.0,Chelsea Fc,2122
Hakim Ziyech,Right Winger,29.0,28000000.0,Chelsea Fc,2122
Romelu Lukaku,Centre-Forward,29.0,70000000.0,Chelsea Fc,2122
Kai Havertz,Centre-Forward,23.0,70000000.0,Chelsea Fc,2122
Tammy Abraham,Centre-Forward,24.0,50000000.0,Chelsea Fc,2122
Timo Werner,Centre-Forward,26.0,35000000.0,Chelsea Fc,2122
Jude Soonsup-Bell,Centre-Forward,18.0,300000.0,Chelsea Fc,2122
Jack Butland,Goalkeeper,29.0,1800000.0,Crystal Palace,2122
Vicente Guaita,Goalkeeper,35.0,1500000.0,Crystal Palace,2122
Remi Matthews,Goalkeeper,28.0,300000.0,Crystal Palace,2122
Marc Guéhi,Centre-Back,21.0,32000000.0,Crystal Palace,2122
Joachim Andersen,Centre-Back,26.0,25000000.0,Crystal Palace,2122
Nathan Ferguson,Centre-Back,21.0,2500000.0,Crystal Palace,2122
James Tomkins,Centre-Back,33.0,1500000.0,Crystal Palace,2122
Jarosław Jach,Centre-Back,28.0,500000.0,Crystal Palace,2122
Tyrick Mitchell,Left-Back,22.0,25000000.0,Crystal Palace,2122
Reece Hannam,Left-Back,21.0,200000.0,Crystal Palace,2122
Tayo Adaramola,Left-Back,18.0,,Crystal Palace,2122
Joel Ward,Right-Back,32.0,2000000.0,Crystal Palace,2122
Nathaniel Clyne,Right-Back,31.0,2000000.0,Crystal Palace,2122
Martin Kelly,Right-Back,32.0,1000000.0,Crystal Palace,2122
Jaïro Riedewald,Defensive Midfield,25.0,5000000.0,Crystal Palace,2122
Luka Milivojevic,Defensive Midfield,31.0,4000000.0,Crystal Palace,2122
Cheikhou Kouyaté,Defensive Midfield,32.0,4000000.0,Crystal Palace,2122
Conor Gallagher,Central Midfield,22.0,25000000.0,Crystal Palace,2122
Will Hughes,Central Midfield,27.0,6000000.0,Crystal Palace,2122
James McArthur,Central Midfield,34.0,1200000.0,Crystal Palace,2122
Jack Wells-Morrison,Central Midfield,18.0,,Crystal Palace,2122
Jeffrey Schlupp,Left Midfield,29.0,8000000.0,Crystal Palace,2122
Eberechi Eze,Attacking Midfield,24.0,22000000.0,Crystal Palace,2122
Wilfried Zaha,Left Winger,29.0,38000000.0,Crystal Palace,2122
Michael Olise,Right Winger,20.0,22000000.0,Crystal Palace,2122
Jesurun Rak-Sakyi,Right Winger,19.0,500000.0,Crystal Palace,2122
Scott Banks,Right Winger,20.0,250000.0,Crystal Palace,2122
Odsonne Édouard,Centre-Forward,24.0,17000000.0,Crystal Palace,2122
Jean-Philippe Mateta,Centre-Forward,25.0,10000000.0,Crystal Palace,2122
Jordan Ayew,Centre-Forward,30.0,6000000.0,Crystal Palace,2122
Christian Benteke,Centre-Forward,31.0,6000000.0,Crystal Palace,2122
Luke Plange,Centre-Forward,19.0,800000.0,Crystal Palace,2122
Rob Street,Centre-Forward,20.0,,Crystal Palace,2122
Jordan Pickford,Goalkeeper,28.0,20000000.0,Everton Fc,2122
Asmir Begovic,Goalkeeper,35.0,1000000.0,Everton Fc,2122
Andy Lonergan,Goalkeeper,38.0,250000.0,Everton Fc,2122
Harry Tyrer,Goalkeeper,20.0,,Everton Fc,2122
Michael Keane,Centre-Back,29.0,20000000.0,Everton Fc,2122
Yerry Mina,Centre-Back,27.0,20000000.0,Everton Fc,2122
Ben Godfrey,Centre-Back,24.0,20000000.0,Everton Fc,2122
Mason Holgate,Centre-Back,25.0,18000000.0,Everton Fc,2122
Jean-Philippe Gbamin,Centre-Back,26.0,9000000.0,Everton Fc,2122
Jarrad Branthwaite,Centre-Back,20.0,3000000.0,Everton Fc,2122
Ryan Astley,Centre-Back,20.0,,Everton Fc,2122
Reece Welch,Centre-Back,18.0,,Everton Fc,2122
Lucas Digne,Left-Back,28.0,25000000.0,Everton Fc,2122
Vitaliy Mykolenko,Left-Back,23.0,18000000.0,Everton Fc,2122
Niels Nkounkou,Left-Back,21.0,2200000.0,Everton Fc,2122
Nathan Patterson,Right-Back,20.0,8000000.0,Everton Fc,2122
Jonjoe Kenny,Right-Back,25.0,4000000.0,Everton Fc,2122
Séamus Coleman,Right-Back,33.0,3000000.0,Everton Fc,2122
Allan,Defensive Midfield,31.0,15000000.0,Everton Fc,2122
Donny van de Beek,Central Midfield,25.0,25000000.0,Everton Fc,2122
André Gomes,Central Midfield,28.0,18000000.0,Everton Fc,2122
Tom Davies,Central Midfield,24.0,18000000.0,Everton Fc,2122
Fabian Delph,Central Midfield,32.0,1800000.0,Everton Fc,2122
Tyler Onyango,Central Midfield,19.0,200000.0,Everton Fc,2122
Isaac Price,Central Midfield,18.0,,Everton Fc,2122
Abdoulaye Doucouré,Attacking Midfield,29.0,22000000.0,Everton Fc,2122
Dele Alli,Attacking Midfield,26.0,16000000.0,Everton Fc,2122
Gylfi Sigurdsson,Attacking Midfield,32.0,,Everton Fc,2122
Charlie Whitaker,Attacking Midfield,18.0,,Everton Fc,2122
Demarai Gray,Left Winger,26.0,22000000.0,Everton Fc,2122
Anthony Gordon,Left Winger,21.0,20000000.0,Everton Fc,2122
Alex Iwobi,Left Winger,26.0,18000000.0,Everton Fc,2122
Nathan Broadhead,Left Winger,24.0,500000.0,Everton Fc,2122
Lewis Dobbin,Left Winger,19.0,300000.0,Everton Fc,2122
Anwar El Ghazi,Right Winger,27.0,9000000.0,Everton Fc,2122
Andros Townsend,Right Winger,30.0,5000000.0,Everton Fc,2122
Richarlison,Centre-Forward,25.0,48000000.0,Everton Fc,2122
Dominic Calvert-Lewin,Centre-Forward,25.0,40000000.0,Everton Fc,2122
Moise Kean,Centre-Forward,22.0,24000000.0,Everton Fc,2122
Salomón Rondón,Centre-Forward,32.0,2500000.0,Everton Fc,2122
Cenk Tosun,Centre-Forward,31.0,2000000.0,Everton Fc,2122
Ellis Simms,Centre-Forward,21.0,300000.0,Everton Fc,2122
Illan Meslier,Goalkeeper,22.0,20000000.0,Leeds United,2122
Kristoffer Klaesson,Goalkeeper,21.0,2000000.0,Leeds United,2122
Diego Llorente,Centre-Back,28.0,18000000.0,Leeds United,2122
Robin Koch,Centre-Back,25.0,16000000.0,Leeds United,2122
Pascal Struijk,Centre-Back,22.0,15000000.0,Leeds United,2122
Liam Cooper,Centre-Back,30.0,7000000.0,Leeds United,2122
Charlie Cresswell,Centre-Back,19.0,3000000.0,Leeds United,2122
Leo Hjelde,Centre-Back,18.0,800000.0,Leeds United,2122
Kris Moore,Centre-Back,18.0,,Leeds United,2122
Junior Firpo,Left-Back,25.0,12000000.0,Leeds United,2122
Leif Davis,Left-Back,22.0,800000.0,Leeds United,2122
Liam McCarron,Left-Back,21.0,500000.0,Leeds United,2122
Luke Ayling,Right-Back,30.0,4000000.0,Leeds United,2122
Cody Drameh,Right-Back,20.0,3000000.0,Leeds United,2122
Jamie Shackleton,Right-Back,22.0,2500000.0,Leeds United,2122
Kalvin Phillips,Defensive Midfield,26.0,50000000.0,Leeds United,2122
Mateusz Klich,Defensive Midfield,32.0,3000000.0,Leeds United,2122
Jack Jenkins,Defensive Midfield,20.0,150000.0,Leeds United,2122
Nohan Kenneh,Defensive Midfield,19.0,,Leeds United,2122
Archie Gray,Defensive Midfield,16.0,,Leeds United,2122
Adam Forshaw,Central Midfield,30.0,2000000.0,Leeds United,2122
Lewis Bate,Central Midfield,19.0,1000000.0,Leeds United,2122
Stuart Dallas,Left Midfield,31.0,4000000.0,Leeds United,2122
Stuart McKinstry,Left Midfield,19.0,200000.0,Leeds United,2122
Sam Greenwood,Attacking Midfield,20.0,2500000.0,Leeds United,2122
Raphinha,Left Winger,25.0,45000000.0,Leeds United,2122
Jack Harrison,Left Winger,25.0,18000000.0,Leeds United,2122
Crysencio Summerville,Left Winger,20.0,2000000.0,Leeds United,2122
Daniel James,Right Winger,24.0,18000000.0,Leeds United,2122
Hélder Costa,Right Winger,28.0,5000000.0,Leeds United,2122
Ian Poveda,Right Winger,22.0,2000000.0,Leeds United,2122
Tyler Roberts,Second Striker,23.0,8000000.0,Leeds United,2122
Patrick Bamford,Centre-Forward,28.0,16000000.0,Leeds United,2122
Rodrigo,Centre-Forward,31.0,12000000.0,Leeds United,2122
Joe Gelhardt,Centre-Forward,20.0,6000000.0,Leeds United,2122
Danny Ward,Goalkeeper,29.0,6000000.0,Leicester City,2122
Kasper Schmeichel,Goalkeeper,35.0,4000000.0,Leicester City,2122
Eldin Jakupović,Goalkeeper,37.0,250000.0,Leicester City,2122
Jakub Stolarczyk,Goalkeeper,21.0,200000.0,Leicester City,2122
Chituru Odunze,Goalkeeper,19.0,,Leicester City,2122
Wesley Fofana,Centre-Back,21.0,40000000.0,Leicester City,2122
Çağlar Söyüncü,Centre-Back,26.0,40000000.0,Leicester City,2122
Jannik Vestergaard,Centre-Back,29.0,13000000.0,Leicester City,2122
Daniel Amartey,Centre-Back,27.0,10000000.0,Leicester City,2122
Jonny Evans,Centre-Back,34.0,4000000.0,Leicester City,2122
Filip Benkovic,Centre-Back,24.0,1800000.0,Leicester City,2122
Sam Hughes,Centre-Back,25.0,300000.0,Leicester City,2122
Lewis Brunt,Centre-Back,21.0,,Leicester City,2122
Ben Nelson,Centre-Back,18.0,,Leicester City,2122
Luke Thomas,Left-Back,21.0,12000000.0,Leicester City,2122
Ryan Bertrand,Left-Back,32.0,3000000.0,Leicester City,2122
Timothy Castagne,Right-Back,26.0,28000000.0,Leicester City,2122
James Justin,Right-Back,24.0,25000000.0,Leicester City,2122
Ricardo Pereira,Right-Back,28.0,20000000.0,Leicester City,2122
Vontae Daley-Campbell,Right-Back,21.0,200000.0,Leicester City,2122
Wilfred Ndidi,Defensive Midfield,25.0,60000000.0,Leicester City,2122
Boubakary Soumaré,Defensive Midfield,23.0,25000000.0,Leicester City,2122
Hamza Choudhury,Defensive Midfield,24.0,4000000.0,Leicester City,2122
Nampalys Mendy,Defensive Midfield,30.0,4000000.0,Leicester City,2122
Sammy Braybrooke,Defensive Midfield,18.0,,Leicester City,2122
Youri Tielemans,Central Midfield,25.0,55000000.0,Leicester City,2122
Dennis Praet,Central Midfield,28.0,13000000.0,Leicester City,2122
Kiernan Dewsbury-Hall,Central Midfield,23.0,8000000.0,Leicester City,2122
Oliver Ewing,Central Midfield,19.0,,Leicester City,2122
Marc Albrighton,Right Midfield,32.0,2500000.0,Leicester City,2122
Kasey McAteer,Right Midfield,20.0,300000.0,Leicester City,2122
James Maddison,Attacking Midfield,25.0,50000000.0,Leicester City,2122
Will Alves,Attacking Midfield,17.0,,Leicester City,2122
Harvey Barnes,Left Winger,24.0,32000000.0,Leicester City,2122
Ademola Lookman,Left Winger,24.0,10000000.0,Leicester City,2122
Wanya Marçal,Right Winger,19.0,,Leicester City,2122
Kelechi Iheanacho,Centre-Forward,25.0,20000000.0,Leicester City,2122
Patson Daka,Centre-Forward,23.0,20000000.0,Leicester City,2122
Ayoze Pérez,Centre-Forward,28.0,10000000.0,Leicester City,2122
Jamie Vardy,Centre-Forward,35.0,5000000.0,Leicester City,2122
Alisson,Goalkeeper,29.0,50000000.0,Liverpool Fc,2122
Caoimhín Kelleher,Goalkeeper,23.0,8000000.0,Liverpool Fc,2122
Loris Karius,Goalkeeper,29.0,1500000.0,Liverpool Fc,2122
Adrián San Miguel,Goalkeeper,35.0,1000000.0,Liverpool Fc,2122
Marcelo Pitaluga,Goalkeeper,19.0,100000.0,Liverpool Fc,2122
Liam Hughes,Goalkeeper,20.0,,Liverpool Fc,2122
Harvey Davies,Goalkeeper,18.0,,Liverpool Fc,2122
Virgil van Dijk,Centre-Back,30.0,55000000.0,Liverpool Fc,2122
Ibrahima Konaté,Centre-Back,23.0,40000000.0,Liverpool Fc,2122
Joe Gomez,Centre-Back,25.0,18000000.0,Liverpool Fc,2122
Joël Matip,Centre-Back,30.0,18000000.0,Liverpool Fc,2122
Nat Phillips,Centre-Back,25.0,8000000.0,Liverpool Fc,2122
Sepp van den Berg,Centre-Back,20.0,5000000.0,Liverpool Fc,2122
Rhys Williams,Centre-Back,21.0,4000000.0,Liverpool Fc,2122
Ben Davies,Centre-Back,26.0,2500000.0,Liverpool Fc,2122
Billy Koumetio,Centre-Back,19.0,800000.0,Liverpool Fc,2122
Jarell Quansah,Centre-Back,19.0,,Liverpool Fc,2122
Andrew Robertson,Left-Back,28.0,65000000.0,Liverpool Fc,2122
Konstantinos Tsimikas,Left-Back,26.0,15000000.0,Liverpool Fc,2122
Neco Williams,Left-Back,21.0,8000000.0,Liverpool Fc,2122
Owen Beck,Left-Back,19.0,400000.0,Liverpool Fc,2122
James Norris,Left-Back,19.0,,Liverpool Fc,2122
Trent Alexander-Arnold,Right-Back,23.0,80000000.0,Liverpool Fc,2122
Conor Bradley,Right-Back,18.0,1000000.0,Liverpool Fc,2122
Isaac Mabaya,Right-Back,17.0,,Liverpool Fc,2122
Fabinho,Defensive Midfield,28.0,60000000.0,Liverpool Fc,2122
Jordan Henderson,Defensive Midfield,32.0,15000000.0,Liverpool Fc,2122
Tyler Morton,Defensive Midfield,19.0,3000000.0,Liverpool Fc,2122
Curtis Jones,Central Midfield,21.0,28000000.0,Liverpool Fc,2122
Naby Keïta,Central Midfield,27.0,25000000.0,Liverpool Fc,2122
Thiago Alcántara,Central Midfield,31.0,20000000.0,Liverpool Fc,2122
Alex Oxlade-Chamberlain,Central Midfield,28.0,16000000.0,Liverpool Fc,2122
James Milner,Central Midfield,36.0,2000000.0,Liverpool Fc,2122
Elijah Dixon-Bonner,Central Midfield,21.0,300000.0,Liverpool Fc,2122
James Balagizi,Central Midfield,18.0,,Liverpool Fc,2122
Harvey Elliott,Attacking Midfield,19.0,22000000.0,Liverpool Fc,2122
Ben Woodburn,Attacking Midfield,22.0,1200000.0,Liverpool Fc,2122
Max Woltman,Attacking Midfield,18.0,300000.0,Liverpool Fc,2122
Sadio Mané,Left Winger,30.0,70000000.0,Liverpool Fc,2122
Luis Díaz,Left Winger,25.0,65000000.0,Liverpool Fc,2122
Diogo Jota,Left Winger,25.0,60000000.0,Liverpool Fc,2122
Takumi Minamino,Left Winger,27.0,12000000.0,Liverpool Fc,2122
Mohamed Salah,Right Winger,30.0,90000000.0,Liverpool Fc,2122
Sheyi Ojo,Right Winger,25.0,2000000.0,Liverpool Fc,2122
Kaide Gordon,Right Winger,17.0,1500000.0,Liverpool Fc,2122
Harvey Blair,Right Winger,18.0,300000.0,Liverpool Fc,2122
Melkamu Frauendorf,Right Winger,18.0,,Liverpool Fc,2122
Roberto Firmino,Centre-Forward,30.0,32000000.0,Liverpool Fc,2122
Divock Origi,Centre-Forward,27.0,12000000.0,Liverpool Fc,2122
Ederson,Goalkeeper,28.0,45000000.0,Manchester City,2122
Zack Steffen,Goalkeeper,27.0,6000000.0,Manchester City,2122
Scott Carson,Goalkeeper,36.0,300000.0,Manchester City,2122
Cieran Slicker,Goalkeeper,19.0,,Manchester City,2122
Rúben Dias,Centre-Back,25.0,75000000.0,Manchester City,2122
Aymeric Laporte,Centre-Back,28.0,45000000.0,Manchester City,2122
John Stones,Centre-Back,28.0,28000000.0,Manchester City,2122
Nathan Aké,Centre-Back,27.0,25000000.0,Manchester City,2122
Philippe Sandler,Centre-Back,25.0,2000000.0,Manchester City,2122
CJ Egan-Riley,Centre-Back,19.0,800000.0,Manchester City,2122
Luke Mbete,Centre-Back,18.0,600000.0,Manchester City,2122
Finley Burns,Centre-Back,19.0,300000.0,Manchester City,2122
Oleksandr Zinchenko,Left-Back,25.0,25000000.0,Manchester City,2122
Josh Wilson-Esbrand,Left-Back,19.0,400000.0,Manchester City,2122
Benjamin Mendy,Left-Back,27.0,,Manchester City,2122
João Cancelo,Right-Back,28.0,65000000.0,Manchester City,2122
Kyle Walker,Right-Back,32.0,18000000.0,Manchester City,2122
Yan Couto,Right-Back,20.0,5000000.0,Manchester City,2122
Rodri,Defensive Midfield,26.0,80000000.0,Manchester City,2122
Roméo Lavia,Defensive Midfield,18.0,2000000.0,Manchester City,2122
Fernandinho,Defensive Midfield,37.0,1500000.0,Manchester City,2122
Claudio Gomes,Defensive Midfield,21.0,1000000.0,Manchester City,2122
İlkay Gündoğan,Central Midfield,31.0,25000000.0,Manchester City,2122
Tommy Doyle,Central Midfield,20.0,2500000.0,Manchester City,2122
Phil Foden,Attacking Midfield,22.0,90000000.0,Manchester City,2122
Kevin De Bruyne,Attacking Midfield,31.0,85000000.0,Manchester City,2122
Bernardo Silva,Attacking Midfield,27.0,80000000.0,Manchester City,2122
Cole Palmer,Attacking Midfield,20.0,6000000.0,Manchester City,2122
James McAtee,Attacking Midfield,19.0,3000000.0,Manchester City,2122
Ben Knight,Attacking Midfield,20.0,,Manchester City,2122
Jack Grealish,Left Winger,26.0,70000000.0,Manchester City,2122
Samuel Edozie,Left Winger,19.0,800000.0,Manchester City,2122
Raheem Sterling,Right Winger,27.0,70000000.0,Manchester City,2122
Riyad Mahrez,Right Winger,31.0,35000000.0,Manchester City,2122
Kayky,Right Winger,19.0,14000000.0,Manchester City,2122
Oscar Bobb,Right Winger,18.0,,Manchester City,2122
Gabriel Jesus,Centre-Forward,25.0,50000000.0,Manchester City,2122
Ferran Torres,Centre-Forward,22.0,45000000.0,Manchester City,2122
Liam Delap,Centre-Forward,19.0,1500000.0,Manchester City,2122
Dean Henderson,Goalkeeper,25.0,18000000.0,Manchester United,2122
David de Gea,Goalkeeper,31.0,15000000.0,Manchester United,2122
Tom Heaton,Goalkeeper,36.0,800000.0,Manchester United,2122
Matej Kovar,Goalkeeper,22.0,400000.0,Manchester United,2122
Lee Grant,Goalkeeper,39.0,250000.0,Manchester United,2122
Raphaël Varane,Centre-Back,29.0,48000000.0,Manchester United,2122
Harry Maguire,Centre-Back,29.0,38000000.0,Manchester United,2122
Victor Lindelöf,Centre-Back,27.0,22000000.0,Manchester United,2122
Eric Bailly,Centre-Back,28.0,6000000.0,Manchester United,2122
Phil Jones,Centre-Back,30.0,3000000.0,Manchester United,2122
Teden Mengi,Centre-Back,20.0,2000000.0,Manchester United,2122
Björn Hardley,Centre-Back,19.0,,Manchester United,2122
Luke Shaw,Left-Back,26.0,38000000.0,Manchester United,2122
Alex Telles,Left-Back,29.0,18000000.0,Manchester United,2122
Brandon Williams,Left-Back,21.0,12000000.0,Manchester United,2122
Álvaro Carreras,Left-Back,19.0,,Manchester United,2122
Aaron Wan-Bissaka,Right-Back,24.0,25000000.0,Manchester United,2122
Diogo Dalot,Right-Back,23.0,20000000.0,Manchester United,2122
James Garner,Defensive Midfield,21.0,7000000.0,Manchester United,2122
Nemanja Matić,Defensive Midfield,33.0,5000000.0,Manchester United,2122
Paul Pogba,Central Midfield,29.0,48000000.0,Manchester United,2122
Scott McTominay,Central Midfield,25.0,32000000.0,Manchester United,2122
Donny van de Beek,Central Midfield,25.0,25000000.0,Manchester United,2122
Fred,Central Midfield,29.0,20000000.0,Manchester United,2122
Andreas Pereira,Central Midfield,26.0,7500000.0,Manchester United,2122
Charlie Savage,Central Midfield,19.0,600000.0,Manchester United,2122
Zidane Iqbal,Central Midfield,19.0,600000.0,Manchester United,2122
Bruno Fernandes,Attacking Midfield,27.0,85000000.0,Manchester United,2122
Jesse Lingard,Attacking Midfield,29.0,18000000.0,Manchester United,2122
Hannibal,Attacking Midfield,19.0,6000000.0,Manchester United,2122
Tahith Chong,Attacking Midfield,22.0,3500000.0,Manchester United,2122
Juan Mata,Attacking Midfield,34.0,2500000.0,Manchester United,2122
Jadon Sancho,Left Winger,22.0,75000000.0,Manchester United,2122
Marcus Rashford,Left Winger,24.0,60000000.0,Manchester United,2122
Shola Shoretire,Left Winger,18.0,4000000.0,Manchester United,2122
Alejandro Garnacho,Left Winger,17.0,,Manchester United,2122
Anthony Elanga,Right Winger,20.0,20000000.0,Manchester United,2122
Daniel James,Right Winger,24.0,18000000.0,Manchester United,2122
Amad Diallo,Right Winger,19.0,15000000.0,Manchester United,2122
Mason Greenwood,Right Winger,20.0,,Manchester United,2122
Cristiano Ronaldo,Centre-Forward,37.0,30000000.0,Manchester United,2122
Anthony Martial,Centre-Forward,26.0,16000000.0,Manchester United,2122
Edinson Cavani,Centre-Forward,35.0,4000000.0,Manchester United,2122
Freddie Woodman,Goalkeeper,25.0,9000000.0,Newcastle United,2122
Martin Dúbravka,Goalkeeper,33.0,4000000.0,Newcastle United,2122
Karl Darlow,Goalkeeper,31.0,2500000.0,Newcastle United,2122
Mark Gillespie,Goalkeeper,30.0,300000.0,Newcastle United,2122
Dan Burn,Centre-Back,30.0,12000000.0,Newcastle United,2122
Jamaal Lascelles,Centre-Back,28.0,10000000.0,Newcastle United,2122
Fabian Schär,Centre-Back,30.0,7000000.0,Newcastle United,2122
Ciaran Clark,Centre-Back,32.0,1800000.0,Newcastle United,2122
Federico Fernández,Centre-Back,33.0,1500000.0,Newcastle United,2122
Matt Targett,Left-Back,26.0,17000000.0,Newcastle United,2122
Jamal Lewis,Left-Back,24.0,10000000.0,Newcastle United,2122
Paul Dummett,Left-Back,30.0,1500000.0,Newcastle United,2122
Kieran Trippier,Right-Back,31.0,15000000.0,Newcastle United,2122
Emil Krafth,Right-Back,27.0,5000000.0,Newcastle United,2122
Javier Manquillo,Right-Back,28.0,3000000.0,Newcastle United,2122
Isaac Hayden,Defensive Midfield,27.0,8000000.0,Newcastle United,2122
Bruno Guimarães,Central Midfield,24.0,40000000.0,Newcastle United,2122
Joe Willock,Central Midfield,22.0,22000000.0,Newcastle United,2122
Joelinton,Central Midfield,25.0,20000000.0,Newcastle United,2122
Sean Longstaff,Central Midfield,24.0,13000000.0,Newcastle United,2122
Jonjo Shelvey,Central Midfield,30.0,10000000.0,Newcastle United,2122
Jeff Hendrick,Central Midfield,30.0,5000000.0,Newcastle United,2122
Matty Longstaff,Central Midfield,22.0,1800000.0,Newcastle United,2122
Elliot Anderson,Central Midfield,19.0,200000.0,Newcastle United,2122
Lucas De Bolle,Central Midfield,19.0,,Newcastle United,2122
Matt Ritchie,Right Midfield,32.0,1800000.0,Newcastle United,2122
Joe White,Attacking Midfield,19.0,,Newcastle United,2122
Allan Saint-Maximin,Left Winger,25.0,32000000.0,Newcastle United,2122
Ryan Fraser,Left Winger,28.0,10000000.0,Newcastle United,2122
Miguel Almirón,Right Winger,28.0,16000000.0,Newcastle United,2122
Jacob Murphy,Right Winger,27.0,5000000.0,Newcastle United,2122
Callum Wilson,Centre-Forward,30.0,18000000.0,Newcastle United,2122
Chris Wood,Centre-Forward,30.0,10000000.0,Newcastle United,2122
Dwight Gayle,Centre-Forward,32.0,1500000.0,Newcastle United,2122
Angus Gunn,Goalkeeper,26.0,3000000.0,Norwich City,2122
Tim Krul,Goalkeeper,34.0,2000000.0,Norwich City,2122
Daniel Barden,Goalkeeper,21.0,250000.0,Norwich City,2122
Michael McGovern,Goalkeeper,37.0,250000.0,Norwich City,2122
Aston Oxborough,Goalkeeper,24.0,100000.0,Norwich City,2122
Jon McCracken,Goalkeeper,22.0,100000.0,Norwich City,2122
Ozan Kabak,Centre-Back,22.0,10000000.0,Norwich City,2122
Ben Gibson,Centre-Back,29.0,6000000.0,Norwich City,2122
Grant Hanley,Centre-Back,30.0,3500000.0,Norwich City,2122
Andrew Omobamidele,Centre-Back,20.0,1200000.0,Norwich City,2122
Christoph Zimmermann,Centre-Back,29.0,1000000.0,Norwich City,2122
Rocky Bushiri,Centre-Back,22.0,500000.0,Norwich City,2122
Akin Famewo,Centre-Back,23.0,250000.0,Norwich City,2122
Jonathan Tomkinson,Centre-Back,20.0,,Norwich City,2122
Brandon Williams,Left-Back,21.0,12000000.0,Norwich City,2122
Dimitrios Giannoulis,Left-Back,26.0,5000000.0,Norwich City,2122
Sam McCallum,Left-Back,21.0,3000000.0,Norwich City,2122
Sam Byram,Left-Back,28.0,2000000.0,Norwich City,2122
Bali Mumba,Left-Back,20.0,400000.0,Norwich City,2122
Max Aarons,Right-Back,22.0,22000000.0,Norwich City,2122
Billy Gilmour,Defensive Midfield,21.0,12000000.0,Norwich City,2122
Mathias Normann,Defensive Midfield,26.0,10000000.0,Norwich City,2122
Pierre Lees-Melou,Defensive Midfield,29.0,5000000.0,Norwich City,2122
Jacob Lungi Sørensen,Defensive Midfield,24.0,1500000.0,Norwich City,2122
Kenny McLean,Central Midfield,30.0,2500000.0,Norwich City,2122
Daniel Adshead,Central Midfield,20.0,250000.0,Norwich City,2122
Liam Gibbs,Central Midfield,19.0,,Norwich City,2122
Todd Cantwell,Attacking Midfield,24.0,18000000.0,Norwich City,2122
Kieran Dowell,Attacking Midfield,24.0,2500000.0,Norwich City,2122
Danel Sinani,Attacking Midfield,25.0,1500000.0,Norwich City,2122
Lukas Rupp,Attacking Midfield,31.0,1200000.0,Norwich City,2122
Christos Tzolis,Left Winger,20.0,8000000.0,Norwich City,2122
Przemysław Płacheta,Left Winger,24.0,1800000.0,Norwich City,2122
Onel Hernández,Left Winger,29.0,1500000.0,Norwich City,2122
Josh Martin,Left Winger,20.0,800000.0,Norwich City,2122
Jonathan Rowe,Left Winger,19.0,800000.0,Norwich City,2122
Milot Rashica,Right Winger,26.0,7000000.0,Norwich City,2122
Tony Springett,Right Winger,19.0,,Norwich City,2122
Abu Kamara,Right Winger,18.0,,Norwich City,2122
Josh Sargent,Centre-Forward,22.0,7000000.0,Norwich City,2122
Teemu Pukki,Centre-Forward,32.0,4000000.0,Norwich City,2122
Adam Idah,Centre-Forward,21.0,3000000.0,Norwich City,2122
Jordan Hugill,Centre-Forward,30.0,1800000.0,Norwich City,2122
Sebastian Soto,Centre-Forward,21.0,400000.0,Norwich City,2122
Thomas Dickson-Peters,Centre-Forward,19.0,100000.0,Norwich City,2122
Alex McCarthy,Goalkeeper,32.0,3000000.0,Southampton Fc,2122
Fraser Forster,Goalkeeper,34.0,2000000.0,Southampton Fc,2122
Willy Caballero,Goalkeeper,40.0,250000.0,Southampton Fc,2122
Harry Lewis,Goalkeeper,24.0,200000.0,Southampton Fc,2122
Jan Bednarek,Centre-Back,26.0,22000000.0,Southampton Fc,2122
Mohammed Salisu,Centre-Back,23.0,18000000.0,Southampton Fc,2122
Jack Stephens,Centre-Back,28.0,7000000.0,Southampton Fc,2122
Lyanco,Centre-Back,25.0,5000000.0,Southampton Fc,2122
Dynel Simeu,Centre-Back,20.0,1000000.0,Southampton Fc,2122
Romain Perraud,Left-Back,24.0,8000000.0,Southampton Fc,2122
Thierry Small,Left-Back,17.0,100000.0,Southampton Fc,2122
Tino Livramento,Right-Back,19.0,25000000.0,Southampton Fc,2122
Kyle Walker-Peters,Right-Back,25.0,22000000.0,Southampton Fc,2122
Yan Valery,Right-Back,23.0,2500000.0,Southampton Fc,2122
Ibrahima Diallo,Defensive Midfield,23.0,10000000.0,Southampton Fc,2122
Oriol Romeu,Defensive Midfield,30.0,5000000.0,Southampton Fc,2122
James Ward-Prowse,Central Midfield,27.0,32000000.0,Southampton Fc,2122
Stuart Armstrong,Central Midfield,30.0,6000000.0,Southampton Fc,2122
Will Smallbone,Central Midfield,22.0,2000000.0,Southampton Fc,2122
Kegs Chauke,Central Midfield,19.0,150000.0,Southampton Fc,2122
Moussa Djenepo,Left Winger,24.0,10000000.0,Southampton Fc,2122
Kazeem Olaigbe,Left Winger,19.0,,Southampton Fc,2122
Nathan Redmond,Right Winger,28.0,18000000.0,Southampton Fc,2122
Nathan Tella,Right Winger,22.0,1800000.0,Southampton Fc,2122
Theo Walcott,Right Winger,33.0,1800000.0,Southampton Fc,2122
Tyler Dibling,Right Winger,16.0,,Southampton Fc,2122
Mohamed Elyounoussi,Second Striker,27.0,12000000.0,Southampton Fc,2122
Armando Broja,Centre-Forward,20.0,22000000.0,Southampton Fc,2122
Ché Adams,Centre-Forward,25.0,18000000.0,Southampton Fc,2122
Adam Armstrong,Centre-Forward,25.0,15000000.0,Southampton Fc,2122
Michael Obafemi,Centre-Forward,21.0,2500000.0,Southampton Fc,2122
Dan Nlundulu,Centre-Forward,23.0,1200000.0,Southampton Fc,2122
Shane Long,Centre-Forward,35.0,800000.0,Southampton Fc,2122
Pierluigi Gollini,Goalkeeper,27.0,10000000.0,Tottenham Hotspur,2122
Hugo Lloris,Goalkeeper,35.0,7000000.0,Tottenham Hotspur,2122
Brandon Austin,Goalkeeper,23.0,300000.0,Tottenham Hotspur,2122
Cristian Romero,Centre-Back,24.0,48000000.0,Tottenham Hotspur,2122
Davinson Sánchez,Centre-Back,26.0,28000000.0,Tottenham Hotspur,2122
Eric Dier,Centre-Back,28.0,28000000.0,Tottenham Hotspur,2122
Ben Davies,Centre-Back,29.0,20000000.0,Tottenham Hotspur,2122
Japhet Tanganga,Centre-Back,23.0,12000000.0,Tottenham Hotspur,2122
Joe Rodon,Centre-Back,24.0,8000000.0,Tottenham Hotspur,2122
Cameron Carter-Vickers,Centre-Back,24.0,7000000.0,Tottenham Hotspur,2122
Maksim Paskotsi,Centre-Back,19.0,200000.0,Tottenham Hotspur,2122
Malachi Fagan-Walcott,Centre-Back,20.0,,Tottenham Hotspur,2122
Tobi Omole,Centre-Back,22.0,,Tottenham Hotspur,2122
Sergio Reguilón,Left-Back,25.0,25000000.0,Tottenham Hotspur,2122
Ryan Sessegnon,Left-Back,22.0,18000000.0,Tottenham Hotspur,2122
Emerson Royal,Right-Back,23.0,25000000.0,Tottenham Hotspur,2122
Matt Doherty,Right-Back,30.0,12000000.0,Tottenham Hotspur,2122
Marcel Lavinier,Right-Back,21.0,300000.0,Tottenham Hotspur,2122
Brooklyn Lyons-Foster,Right-Back,21.0,,Tottenham Hotspur,2122
Pierre-Emile Højbjerg,Defensive Midfield,26.0,40000000.0,Tottenham Hotspur,2122
Rodrigo Bentancur,Defensive Midfield,25.0,28000000.0,Tottenham Hotspur,2122
Oliver Skipp,Defensive Midfield,21.0,18000000.0,Tottenham Hotspur,2122
Harry Winks,Defensive Midfield,26.0,15000000.0,Tottenham Hotspur,2122
Harvey White,Defensive Midfield,20.0,600000.0,Tottenham Hotspur,2122
Kallum Cesay,Defensive Midfield,19.0,,Tottenham Hotspur,2122
Matthew Craig,Defensive Midfield,19.0,,Tottenham Hotspur,2122
Michael Craig,Defensive Midfield,19.0,,Tottenham Hotspur,2122
Jamie Bowden,Defensive Midfield,20.0,,Tottenham Hotspur,2122
Tanguy Ndombélé,Central Midfield,25.0,30000000.0,Tottenham Hotspur,2122
Moussa Sissoko,Central Midfield,32.0,4500000.0,Tottenham Hotspur,2122
Nile John,Central Midfield,19.0,400000.0,Tottenham Hotspur,2122
Dejan Kulusevski,Attacking Midfield,22.0,40000000.0,Tottenham Hotspur,2122
Giovani Lo Celso,Attacking Midfield,26.0,22000000.0,Tottenham Hotspur,2122
Dele Alli,Attacking Midfield,26.0,16000000.0,Tottenham Hotspur,2122
Alfie Devine,Attacking Midfield,17.0,900000.0,Tottenham Hotspur,2122
Heung-min Son,Left Winger,29.0,75000000.0,Tottenham Hotspur,2122
Bryan Gil,Left Winger,21.0,18000000.0,Tottenham Hotspur,2122
Steven Bergwijn,Left Winger,24.0,18000000.0,Tottenham Hotspur,2122
Jack Clarke,Left Winger,21.0,3500000.0,Tottenham Hotspur,2122
Romaine Mundle,Left Winger,19.0,,Tottenham Hotspur,2122
J'Neil Bennett,Left Winger,20.0,,Tottenham Hotspur,2122
Lucas Moura,Right Winger,29.0,20000000.0,Tottenham Hotspur,2122
Dilan Markanday,Right Winger,20.0,400000.0,Tottenham Hotspur,2122
Harry Kane,Centre-Forward,28.0,90000000.0,Tottenham Hotspur,2122
Dane Scarlett,Centre-Forward,18.0,250000.0,Tottenham Hotspur,2122
Daniel Bachmann,Goalkeeper,27.0,2500000.0,Watford Fc,2122
Pontus Dahlberg,Goalkeeper,23.0,1000000.0,Watford Fc,2122
Ben Foster,Goalkeeper,39.0,300000.0,Watford Fc,2122
Rob Elliot,Goalkeeper,36.0,200000.0,Watford Fc,2122
Vincent Angelini,Goalkeeper,18.0,,Watford Fc,2122
Samir Caetano,Centre-Back,27.0,5000000.0,Watford Fc,2122
William Troost-Ekong,Centre-Back,28.0,4000000.0,Watford Fc,2122
Adam Masina,Centre-Back,28.0,3000000.0,Watford Fc,2122
Christian Kabasele,Centre-Back,31.0,3000000.0,Watford Fc,2122
Nicolas N'Koulou,Centre-Back,32.0,2500000.0,Watford Fc,2122
Francisco Sierralta,Centre-Back,25.0,1500000.0,Watford Fc,2122
Craig Cathcart,Centre-Back,33.0,1200000.0,Watford Fc,2122
Mattie Pollock,Centre-Back,20.0,300000.0,Watford Fc,2122
Derek Agyakwa,Centre-Back,20.0,100000.0,Watford Fc,2122
Hassane Kamara,Left-Back,28.0,4000000.0,Watford Fc,2122
Ken Sema,Left-Back,28.0,2500000.0,Watford Fc,2122
Danny Rose,Left-Back,31.0,2200000.0,Watford Fc,2122
James Morris,Left-Back,20.0,,Watford Fc,2122
Jeremy Ngakia,Right-Back,21.0,3500000.0,Watford Fc,2122
Kiko Femenía,Right-Back,31.0,2500000.0,Watford Fc,2122
Peter Etebo,Defensive Midfield,26.0,3000000.0,Watford Fc,2122
Tom Dele-Bashiru,Defensive Midfield,22.0,2500000.0,Watford Fc,2122
Jaime Alvarado,Defensive Midfield,22.0,250000.0,Watford Fc,2122
Imrân Louza,Central Midfield,23.0,9000000.0,Watford Fc,2122
Moussa Sissoko,Central Midfield,32.0,4500000.0,Watford Fc,2122
Ozan Tufan,Central Midfield,27.0,3800000.0,Watford Fc,2122
Edo Kayembe,Central Midfield,24.0,3000000.0,Watford Fc,2122
Domingos Quina,Central Midfield,22.0,2200000.0,Watford Fc,2122
Tom Cleverley,Central Midfield,32.0,1800000.0,Watford Fc,2122
Juraj Kucka,Central Midfield,35.0,1800000.0,Watford Fc,2122
Dan Gosling,Central Midfield,32.0,1000000.0,Watford Fc,2122
Kamil Conteh,Central Midfield,19.0,,Watford Fc,2122
Kwadwo Baah,Left Winger,19.0,800000.0,Watford Fc,2122
Adrian Blake,Left Winger,16.0,,Watford Fc,2122
Ismaïla Sarr,Right Winger,24.0,27000000.0,Watford Fc,2122
Philip Zinckernagel,Right Winger,27.0,3000000.0,Watford Fc,2122
Samuel Kalu,Right Winger,24.0,3000000.0,Watford Fc,2122
Shaq Forde,Right Winger,18.0,,Watford Fc,2122
João Pedro,Centre-Forward,20.0,14000000.0,Watford Fc,2122
Emmanuel Dennis,Centre-Forward,24.0,14000000.0,Watford Fc,2122
Cucho Hernández,Centre-Forward,23.0,9000000.0,Watford Fc,2122
Joshua King,Centre-Forward,30.0,8000000.0,Watford Fc,2122
Andre Gray,Centre-Forward,31.0,2000000.0,Watford Fc,2122
Ashley Fletcher,Centre-Forward,26.0,2000000.0,Watford Fc,2122
Troy Deeney,Centre-Forward,34.0,1000000.0,Watford Fc,2122
Tiago Çukur,Centre-Forward,19.0,250000.0,Watford Fc,2122
Jack Grieves,Centre-Forward,17.0,,Watford Fc,2122
Alphonse Areola,Goalkeeper,29.0,8000000.0,West Ham United,2122
Lukasz Fabianski,Goalkeeper,37.0,1000000.0,West Ham United,2122
Darren Randolph,Goalkeeper,35.0,800000.0,West Ham United,2122
David Martin,Goalkeeper,36.0,250000.0,West Ham United,2122
Kurt Zouma,Centre-Back,27.0,28000000.0,West Ham United,2122
Issa Diop,Centre-Back,25.0,10000000.0,West Ham United,2122
Craig Dawson,Centre-Back,32.0,3000000.0,West Ham United,2122
Angelo Ogbonna,Centre-Back,34.0,1200000.0,West Ham United,2122
Aji Alese,Centre-Back,21.0,500000.0,West Ham United,2122
Jamal Baptiste,Centre-Back,18.0,200000.0,West Ham United,2122
Arthur Masuaku,Left-Back,28.0,5000000.0,West Ham United,2122
Aaron Cresswell,Left-Back,32.0,3000000.0,West Ham United,2122
Emmanuel Longelo,Left-Back,21.0,150000.0,West Ham United,2122
Vladimír Coufal,Right-Back,29.0,12000000.0,West Ham United,2122
Ben Johnson,Right-Back,22.0,9000000.0,West Ham United,2122
Ryan Fredericks,Right-Back,29.0,1500000.0,West Ham United,2122
Harrison Ashby,Right-Back,20.0,300000.0,West Ham United,2122
Tomáš Souček,Defensive Midfield,27.0,45000000.0,West Ham United,2122
Conor Coventry,Defensive Midfield,22.0,500000.0,West Ham United,2122
Keenan Appiah-Forson,Defensive Midfield,20.0,300000.0,West Ham United,2122
Freddie Potts,Defensive Midfield,18.0,250000.0,West Ham United,2122
Pierre Ekwah,Defensive Midfield,20.0,,West Ham United,2122
Ossama Ashley,Defensive Midfield,22.0,,West Ham United,2122
Declan Rice,Central Midfield,23.0,80000000.0,West Ham United,2122
Pablo Fornals,Central Midfield,26.0,22000000.0,West Ham United,2122
Alex Král,Central Midfield,24.0,7000000.0,West Ham United,2122
Mark Noble,Central Midfield,35.0,1000000.0,West Ham United,2122
Dan Chesters,Right Midfield,20.0,250000.0,West Ham United,2122
Nikola Vlašić,Attacking Midfield,24.0,22000000.0,West Ham United,2122
Manuel Lanzini,Attacking Midfield,29.0,12000000.0,West Ham United,2122
Kamarai Swyer,Attacking Midfield,19.0,,West Ham United,2122
Saïd Benrahma,Left Winger,26.0,25000000.0,West Ham United,2122
Armstrong Oko-Flex,Left Winger,20.0,,West Ham United,2122
Jarrod Bowen,Right Winger,25.0,42000000.0,West Ham United,2122
Andriy Yarmolenko,Right Winger,32.0,2500000.0,West Ham United,2122
Sonny Perkins,Right Winger,18.0,1200000.0,West Ham United,2122
Michail Antonio,Centre-Forward,32.0,10000000.0,West Ham United,2122
José Sá,Goalkeeper,29.0,18000000.0,Wolverhampton Wanderers,2122
Matija Sarkic,Goalkeeper,24.0,1800000.0,Wolverhampton Wanderers,2122
John Ruddy,Goalkeeper,35.0,300000.0,Wolverhampton Wanderers,2122
Louie Moulden,Goalkeeper,20.0,200000.0,Wolverhampton Wanderers,2122
Andreas Søndergaard,Goalkeeper,21.0,200000.0,Wolverhampton Wanderers,2122
James Storer,Goalkeeper,17.0,,Wolverhampton Wanderers,2122
Conor Coady,Centre-Back,29.0,25000000.0,Wolverhampton Wanderers,2122
Maximilian Kilman,Centre-Back,25.0,16000000.0,Wolverhampton Wanderers,2122
Romain Saïss,Centre-Back,32.0,8000000.0,Wolverhampton Wanderers,2122
Willy Boly,Centre-Back,31.0,6000000.0,Wolverhampton Wanderers,2122
Yerson Mosquera,Centre-Back,21.0,3000000.0,Wolverhampton Wanderers,2122
Toti,Centre-Back,23.0,1500000.0,Wolverhampton Wanderers,2122
Dion Sanderson,Centre-Back,22.0,600000.0,Wolverhampton Wanderers,2122
Christian Marques,Centre-Back,19.0,200000.0,Wolverhampton Wanderers,2122
Rayan Aït-Nouri,Left-Back,21.0,20000000.0,Wolverhampton Wanderers,2122
Ryan Giles,Left-Back,22.0,3000000.0,Wolverhampton Wanderers,2122
Marçal,Left-Back,33.0,1500000.0,Wolverhampton Wanderers,2122
Hugo Bueno,Left-Back,19.0,,Wolverhampton Wanderers,2122
Nélson Semedo,Right-Back,28.0,22000000.0,Wolverhampton Wanderers,2122
Jonny Otto,Right-Back,28.0,15000000.0,Wolverhampton Wanderers,2122
Ki-Jana Hoever,Right-Back,20.0,6000000.0,Wolverhampton Wanderers,2122
Dexter Lembikisa,Right-Back,18.0,,Wolverhampton Wanderers,2122
Rúben Neves,Defensive Midfield,25.0,40000000.0,Wolverhampton Wanderers,2122
Leander Dendoncker,Defensive Midfield,27.0,28000000.0,Wolverhampton Wanderers,2122
Bruno Jordão,Defensive Midfield,23.0,1600000.0,Wolverhampton Wanderers,2122
João Moutinho,Central Midfield,35.0,2500000.0,Wolverhampton Wanderers,2122
Luke Cundle,Central Midfield,20.0,800000.0,Wolverhampton Wanderers,2122
Connor Ronan,Central Midfield,24.0,750000.0,Wolverhampton Wanderers,2122
Francisco Trincão,Attacking Midfield,22.0,20000000.0,Wolverhampton Wanderers,2122
Morgan Gibbs-White,Attacking Midfield,22.0,11000000.0,Wolverhampton Wanderers,2122
Daniel Podence,Left Winger,26.0,20000000.0,Wolverhampton Wanderers,2122
Chiquinho,Left Winger,22.0,3000000.0,Wolverhampton Wanderers,2122
Chem Campbell,Left Winger,19.0,,Wolverhampton Wanderers,2122
Pedro Neto,Right Winger,22.0,32000000.0,Wolverhampton Wanderers,2122
Adama Traoré,Right Winger,26.0,20000000.0,Wolverhampton Wanderers,2122
Raúl Jiménez,Centre-Forward,31.0,18000000.0,Wolverhampton Wanderers,2122
Hee-chan Hwang,Centre-Forward,26.0,16000000.0,Wolverhampton Wanderers,2122
Fábio Silva,Centre-Forward,19.0,15000000.0,Wolverhampton Wanderers,2122
Aaron Ramsdale,Goalkeeper,24.0,28000000.0,Arsenal Fc,2122
Bernd Leno,Goalkeeper,30.0,9000000.0,Arsenal Fc,2122
Arthur Okonkwo,Goalkeeper,20.0,1500000.0,Arsenal Fc,2122
Karl Hein,Goalkeeper,20.0,800000.0,Arsenal Fc,2122
Gabriel,Centre-Back,24.0,38000000.0,Arsenal Fc,2122
Takehiro Tomiyasu,Centre-Back,23.0,25000000.0,Arsenal Fc,2122
Rob Holding,Centre-Back,26.0,10000000.0,Arsenal Fc,2122
Calum Chambers,Centre-Back,27.0,10000000.0,Arsenal Fc,2122
Pablo Marí,Centre-Back,28.0,5000000.0,Arsenal Fc,2122
Sead Kolasinac,Centre-Back,29.0,3000000.0,Arsenal Fc,2122
Alex Kirk,Centre-Back,19.0,,Arsenal Fc,2122
Zach Awe,Centre-Back,18.0,,Arsenal Fc,2122
Kieran Tierney,Left-Back,25.0,32000000.0,Arsenal Fc,2122
Nuno Tavares,Left-Back,22.0,15000000.0,Arsenal Fc,2122
Mazeed Ogungbo,Left-Back,19.0,,Arsenal Fc,2122
Ben White,Right-Back,24.0,40000000.0,Arsenal Fc,2122
Héctor Bellerín,Right-Back,27.0,20000000.0,Arsenal Fc,2122
Ainsley Maitland-Niles,Right-Back,24.0,10000000.0,Arsenal Fc,2122
Cédric Soares,Right-Back,30.0,6000000.0,Arsenal Fc,2122
Ryan Alebiosu,Right-Back,20.0,200000.0,Arsenal Fc,2122
Zak Swanson,Right-Back,21.0,150000.0,Arsenal Fc,2122
Thomas Partey,Defensive Midfield,29.0,38000000.0,Arsenal Fc,2122
Granit Xhaka,Defensive Midfield,29.0,20000000.0,Arsenal Fc,2122
Mohamed Elneny,Defensive Midfield,29.0,11000000.0,Arsenal Fc,2122
Albert Sambi Lokonga,Central Midfield,22.0,14000000.0,Arsenal Fc,2122
Charlie Patiño,Central Midfield,18.0,2000000.0,Arsenal Fc,2122
Miguel Azeez,Central Midfield,19.0,800000.0,Arsenal Fc,2122
Salah Oulad,Central Midfield,18.0,,Arsenal Fc,2122
Martin Ødegaard,Attacking Midfield,23.0,45000000.0,Arsenal Fc,2122
Emile Smith Rowe,Attacking Midfield,21.0,40000000.0,Arsenal Fc,2122
Omari Hutchinson,Attacking Midfield,18.0,,Arsenal Fc,2122
Gabriel Martinelli,Left Winger,21.0,40000000.0,Arsenal Fc,2122
Reiss Nelson,Left Winger,22.0,6500000.0,Arsenal Fc,2122
Marcelo Flores,Left Winger,18.0,1500000.0,Arsenal Fc,2122
Bukayo Saka,Right Winger,20.0,65000000.0,Arsenal Fc,2122
Nicolas Pépé,Right Winger,27.0,25000000.0,Arsenal Fc,2122
Eddie Nketiah,Centre-Forward,23.0,16000000.0,Arsenal Fc,2122
Pierre-Emerick Aubameyang,Centre-Forward,33.0,15000000.0,Arsenal Fc,2122
Alexandre Lacazette,Centre-Forward,31.0,15000000.0,Arsenal Fc,2122
Folarin Balogun,Centre-Forward,20.0,4000000.0,Arsenal Fc,2122
Mika Biereth,Centre-Forward,19.0,600000.0,Arsenal Fc,2122
